PREFIXE,OPERATEUR COMPLET
0105,Orange (France Télécom)
0124,Orange (France Télécom)
0130,Orange (France Télécom)
0134,Orange (France Télécom)
0139,Orange (France Télécom)
0140,Orange (France Télécom)
0141,Orange (France Télécom)
0142,Orange (France Télécom)
0143,Orange (France Télécom)
0144,Orange (France Télécom)
0145,Orange (France Télécom)
0146,Orange (France Télécom)
0147,Orange (France Télécom)
0148,Orange (France Télécom)
0148,Hub One
0149,Orange (France Télécom)
0149,Hub One
0150,Orange (France Télécom)
0153,Orange (France Télécom)
0155,Orange (France Télécom)
0156,Orange (France Télécom)
0157,Orange (France Télécom)
0158,Orange (France Télécom)
0159,RingCentral France
0159,REFA (inconnu dans les listes Arcep)
0159,Pure IP Limited
0159,Microsoft Ireland Operations Limited
0159,Inconnu
0159,Twilio Ireland Limited
0159,Zoom Voice Communications Inc.
0159,SFR
0160,Orange (France Télécom)
0161,Orange (France Télécom)
0162,Inconnu
0162,Bouygues Telecom
0162,RingCentral France
0162,SFR
0162,Free
0162,Orange (France Télécom)
0164,Orange (France Télécom)
0169,Orange (France Télécom)
0170,Orange (France Télécom)
0170,SFR
0170,Inconnu
0170,Hub One
0170,Free
0171,SFR
0172,Inconnu
0172,SFR
0172,Microsoft Ireland Operations Limited
0172,Free
0173,SFR
0173,Free
0173,Bouygues Telecom
0173,Inconnu
0174,Inconnu
0174,Free
0174,Hub One
0174,SFR
0174,Bouygues Telecom
0175,RingCentral France
0175,Twilio Ireland Limited
0175,Inconnu
0175,SFR
0176,Inconnu
0176,Free
0176,SFR
0176,Bouygues Telecom
0177,SFR
0177,Inconnu
0177,Free
0178,Inconnu
0178,Free
0178,SFR
0179,SFR
0179,Inconnu
0180,SFR
0180,Inconnu
0180,Free
0181,Inconnu
0181,Bouygues Telecom
0181,SFR
0182,Bouygues Telecom
0182,Orange (France Télécom)
0182,SFR
0182,Inconnu
0183,Orange (France Télécom)
0183,SFR
0183,Hub One
0183,Inconnu
0184,Inconnu
0184,SFR
0184,Bouygues Telecom
0185,SFR
0185,Orange (France Télécom)
0185,Inconnu
0186,Inconnu
0186,SFR
0186,Bouygues Telecom
0186,Orange (France Télécom)
0187,SFR
0187,Inconnu
0187,Orange (France Télécom)
0188,SFR
0188,Inconnu
0189,Zoom Voice Communications Inc.
0189,Inconnu
0189,SFR
0190,Orange (France Télécom)
0191,Orange (France Télécom)
0214,Orange (France Télécom)
0214,Inconnu
0214,SFR
0214,Free
0214,Twilio Ireland Limited
0214,Bouygues Telecom
0218,Free
0218,SFR
0218,Inconnu
0219,Inconnu
0219,SFR
0219,Twilio Ireland Limited
0220,Inconnu
0220,Bouygues Telecom
0221,Orange (France Télécom)
0221,SFR
0221,Inconnu
0222,Inconnu
0222,SFR
0222,Free
0223,Orange (France Télécom)
0227,Orange (France Télécom)
0228,Orange (France Télécom)
0229,Orange (France Télécom)
0230,SFR
0230,Bouygues Telecom
0230,Orange (France Télécom)
0230,Inconnu
0231,Orange (France Télécom)
0232,Orange (France Télécom)
0233,Orange (France Télécom)
0234,SFR
0234,Free
0234,Inconnu
0234,Bouygues Telecom
0235,Orange (France Télécom)
0236,Inconnu
0236,SFR
0236,Free
0237,Orange (France Télécom)
0238,Orange (France Télécom)
0240,Orange (France Télécom)
0241,Orange (France Télécom)
0242,Orange (France Télécom)
0242,SFR
0242,Inconnu
0243,Orange (France Télécom)
0244,Free
0244,SFR
0244,Inconnu
0245,Inconnu
0245,Bouygues Telecom
0245,Orange (France Télécom)
0245,SFR
0246,Hub One
0246,SFR
0246,Inconnu
0246,Orange (France Télécom)
0247,Orange (France Télécom)
0248,Orange (France Télécom)
0249,SFR
0249,Inconnu
0249,Orange (France Télécom)
0249,Bouygues Telecom
0250,Bouygues Telecom
0250,Inconnu
0250,SFR
0250,Free
0251,Orange (France Télécom)
0252,Hub One
0252,Inconnu
0252,SFR
0252,Orange (France Télécom)
0252,Bouygues Telecom
0253,Free
0253,Inconnu
0253,SFR
0254,Orange (France Télécom)
0255,Inconnu
0255,SFR
0255,Orange (France Télécom)
0256,Inconnu
0256,SFR
0256,Free
0257,Inconnu
0257,SFR
0257,Orange (France Télécom)
0258,Orange (France Télécom)
0258,Inconnu
0258,SFR
0258,Pure IP Limited
0259,RingCentral France
0259,Zoom Voice Communications Inc.
0259,Microsoft Ireland Operations Limited
0259,SFR
0259,Twilio Ireland Limited
0259,Inconnu
0261,Inconnu
0261,Bouygues Telecom
0261,Orange (France Télécom)
0261,SFR
0262,Inconnu
0262,Orange (France Télécom)
0263,SFR
0263,Inconnu
0269,Inconnu
0269,Orange (France Télécom)
0269,SFR
0270,Inconnu
0270,Bouygues Telecom
0270,Free
0270,SFR
0270,Orange (France Télécom)
0272,Bouygues Telecom
0272,Free
0272,SFR
0272,Inconnu
0276,SFR
0276,Free
0276,Inconnu
0276,Bouygues Telecom
0277,SFR
0277,Inconnu
0277,Free
0278,Orange (France Télécom)
0278,Bouygues Telecom
0278,Inconnu
0278,SFR
0279,Inconnu
0279,SFR
0279,Orange (France Télécom)
0279,RingCentral France
0285,Hub One
0285,Inconnu
0285,Orange (France Télécom)
0285,SFR
0290,Inconnu
0290,Bouygues Telecom
0290,Free
0290,SFR
0296,Orange (France Télécom)
0297,Orange (France Télécom)
0298,Orange (France Télécom)
0299,Orange (France Télécom)
0310,Inconnu
0310,SFR
0310,Free
0320,Orange (France Télécom)
0321,Orange (France Télécom)
0322,Orange (France Télécom)
0323,Orange (France Télécom)
0324,Orange (France Télécom)
0325,Orange (France Télécom)
0326,Orange (France Télécom)
0327,Orange (France Télécom)
0328,Orange (France Télécom)
0329,Orange (France Télécom)
0339,Orange (France Télécom)
0339,Twilio Ireland Limited
0339,Inconnu
0339,SFR
0340,Inconnu
0343,Inconnu
0344,Orange (France Télécom)
0345,Free
0345,SFR
0345,Inconnu
0345,Bouygues Telecom
0351,Bouygues Telecom
0351,Inconnu
0351,Free
0351,SFR
0352,Inconnu
0352,Orange (France Télécom)
0352,Bouygues Telecom
0353,Inconnu
0353,Orange (France Télécom)
0353,SFR
0353,Twilio Ireland Limited
0354,Bouygues Telecom
0354,Inconnu
0354,SFR
0354,Free
0355,SFR
0355,Inconnu
0355,Free
0356,Orange (France Télécom)
0356,Inconnu
0356,SFR
0357,Orange (France Télécom)
0357,Bouygues Telecom
0357,SFR
0357,Inconnu
0358,SFR
0358,Inconnu
0358,Free
0359,SFR
0359,Free
0359,Inconnu
0359,Bouygues Telecom
0360,Inconnu
0360,Bouygues Telecom
0360,SFR
0360,Free
0361,SFR
0361,Free
0361,Inconnu
0362,Free
0362,SFR
0362,Inconnu
0363,Free
0363,SFR
0363,Inconnu
0363,Bouygues Telecom
0364,Free
0364,Inconnu
0364,SFR
0365,Bouygues Telecom
0365,Orange (France Télécom)
0365,Inconnu
0365,SFR
0366,Orange (France Télécom)
0366,SFR
0366,Inconnu
0366,Bouygues Telecom
0367,Orange (France Télécom)
0367,Inconnu
0367,SFR
0367,Hub One
0368,Bouygues Telecom
0368,Orange (France Télécom)
0368,SFR
0368,Free
0368,Inconnu
0369,Free
0369,Inconnu
0369,SFR
0369,RingCentral France
0369,Bouygues Telecom
0370,Bouygues Telecom
0370,SFR
0370,Orange (France Télécom)
0370,Free
0370,Inconnu
0371,SFR
0371,Inconnu
0371,Bouygues Telecom
0371,Orange (France Télécom)
0372,Orange (France Télécom)
0372,Inconnu
0372,SFR
0372,Bouygues Telecom
0373,Inconnu
0373,Orange (France Télécom)
0374,SFR
0374,Inconnu
0374,Orange (France Télécom)
0374,Hub One
0375,Inconnu
0375,Orange (France Télécom)
0375,SFR
0375,Pure IP Limited
0376,RingCentral France
0376,Zoom Voice Communications Inc.
0376,SFR
0376,Inconnu
0377,Inconnu
0377,Bouygues Telecom
0377,Free
0377,SFR
0377,Orange (France Télécom)
0379,Orange (France Télécom)
0379,Inconnu
0379,SFR
0380,Orange (France Télécom)
0381,Orange (France Télécom)
0382,Orange (France Télécom)
0383,Orange (France Télécom)
0384,Orange (France Télécom)
0385,Orange (France Télécom)
0386,Orange (France Télécom)
0387,Orange (France Télécom)
0388,Orange (France Télécom)
0389,Orange (France Télécom)
0390,Orange (France Télécom)
0391,Orange (France Télécom)
0392,SFR
0392,Inconnu
0392,Microsoft Ireland Operations Limited
0411,Inconnu
0411,Orange (France Télécom)
0411,Bouygues Telecom
0411,Twilio Ireland Limited
0411,SFR
0412,Microsoft Ireland Operations Limited
0412,Zoom Voice Communications Inc.
0412,Inconnu
0412,Twilio Ireland Limited
0412,SFR
0413,Bouygues Telecom
0413,Inconnu
0413,SFR
0413,Free
0413,Orange (France Télécom)
0415,Orange (France Télécom)
0415,SFR
0415,Inconnu
0420,SFR
0420,Inconnu
0420,Orange (France Télécom)
0420,Free
0420,Bouygues Telecom
0422,SFR
0422,Hub One
0422,Orange (France Télécom)
0422,Inconnu
0423,Inconnu
0423,SFR
0423,Microsoft Ireland Operations Limited
0424,Inconnu
0424,Bouygues Telecom
0424,Free
0424,SFR
0424,Orange (France Télécom)
0426,Hub One
0426,Bouygues Telecom
0426,Free
0426,Inconnu
0426,SFR
0427,Free
0427,SFR
0427,Inconnu
0427,Bouygues Telecom
0428,Inconnu
0428,Orange (France Télécom)
0428,SFR
0430,Free
0430,Inconnu
0430,SFR
0432,Orange (France Télécom)
0434,SFR
0434,Inconnu
0434,Free
0434,Bouygues Telecom
0437,Orange (France Télécom)
0438,Orange (France Télécom)
0442,Orange (France Télécom)
0443,Inconnu
0443,Bouygues Telecom
0443,Orange (France Télécom)
0443,SFR
0443,Free
0444,Inconnu
0448,Inconnu
0448,SFR
0448,Orange (France Télécom)
0449,Inconnu
0449,SFR
0449,Zoom Voice Communications Inc.
0450,Orange (France Télécom)
0451,Inconnu
0451,SFR
0451,Twilio Ireland Limited
0451,RingCentral France
0451,Pure IP Limited
0456,Hub One
0456,Inconnu
0456,Bouygues Telecom
0456,SFR
0456,Free
0457,Inconnu
0457,SFR
0457,Free
0458,Inconnu
0458,Orange (France Télécom)
0458,SFR
0463,Free
0463,Inconnu
0463,SFR
0463,Bouygues Telecom
0465,Inconnu
0465,SFR
0465,Orange (France Télécom)
0466,Orange (France Télécom)
0467,Orange (France Télécom)
0468,Orange (France Télécom)
0469,SFR
0469,Inconnu
0469,Free
0470,Orange (France Télécom)
0471,Orange (France Télécom)
0472,Orange (France Télécom)
0473,Orange (France Télécom)
0474,Orange (France Télécom)
0475,Orange (France Télécom)
0476,Orange (France Télécom)
0477,Orange (France Télécom)
0478,Orange (France Télécom)
0479,Orange (France Télécom)
0480,Orange (France Télécom)
0480,Bouygues Telecom
0480,SFR
0480,Inconnu
0481,SFR
0481,Inconnu
0481,Orange (France Télécom)
0481,Bouygues Telecom
0482,Inconnu
0482,Orange (France Télécom)
0482,SFR
0482,Hub One
0483,Bouygues Telecom
0483,Orange (France Télécom)
0483,Inconnu
0483,Free
0483,SFR
0484,Orange (France Télécom)
0484,SFR
0484,Inconnu
0484,Hub One
0485,Hub One
0485,SFR
0485,Inconnu
0486,SFR
0486,Inconnu
0486,Free
0487,Bouygues Telecom
0487,Inconnu
0487,Orange (France Télécom)
0487,SFR
0488,Bouygues Telecom
0488,Free
0488,SFR
0488,Inconnu
0489,SFR
0489,Inconnu
0489,Free
0489,Bouygues Telecom
0489,RingCentral France
0490,Orange (France Télécom)
0491,Orange (France Télécom)
0492,Orange (France Télécom)
0493,Orange (France Télécom)
0494,Orange (France Télécom)
0495,Orange (France Télécom)
0496,Orange (France Télécom)
0497,Orange (France Télécom)
0498,Orange (France Télécom)
0499,Orange (France Télécom)
0508,Inconnu
0508,Orange (France Télécom)
0516,Inconnu
0516,Twilio Ireland Limited
0516,Bouygues Telecom
0516,Free
0516,SFR
0517,Inconnu
0517,SFR
0517,Free
0517,Twilio Ireland Limited
0518,Orange (France Télécom)
0518,Inconnu
0518,Twilio Ireland Limited
0519,SFR
0519,Inconnu
0519,Orange (France Télécom)
0519,Bouygues Telecom
0523,Inconnu
0524,SFR
0524,Inconnu
0524,Free
0525,Zoom Voice Communications Inc.
0525,RingCentral France
0525,Microsoft Ireland Operations Limited
0525,Inconnu
0525,SFR
0531,Inconnu
0531,SFR
0531,Free
0532,Inconnu
0532,SFR
0532,Orange (France Télécom)
0533,Bouygues Telecom
0533,Orange (France Télécom)
0533,Inconnu
0533,SFR
0534,Orange (France Télécom)
0535,Inconnu
0535,Orange (France Télécom)
0535,SFR
0535,Hub One
0536,SFR
0536,Orange (France Télécom)
0536,Inconnu
0537,Pure IP Limited
0537,Inconnu
0537,Zoom Voice Communications Inc.
0540,SFR
0540,Inconnu
0540,Free
0540,Bouygues Telecom
0540,Hub One
0542,Orange (France Télécom)
0544,Orange (France Télécom)
0545,Orange (France Télécom)
0546,Orange (France Télécom)
0547,SFR
0547,Inconnu
0547,Free
0548,Inconnu
0548,SFR
0549,Orange (France Télécom)
0553,Orange (France Télécom)
0554,Orange (France Télécom)
0554,Inconnu
0554,SFR
0555,Orange (France Télécom)
0556,Orange (France Télécom)
0557,Orange (France Télécom)
0558,Orange (France Télécom)
0559,Orange (France Télécom)
0561,Orange (France Télécom)
0562,Orange (France Télécom)
0563,Orange (France Télécom)
0564,SFR
0564,Orange (France Télécom)
0564,Hub One
0564,Inconnu
0565,Orange (France Télécom)
0567,SFR
0567,Inconnu
0567,Free
0567,Bouygues Telecom
0568,Orange (France Télécom)
0568,Inconnu
0568,Bouygues Telecom
0568,Free
0568,SFR
0579,Orange (France Télécom)
0579,Inconnu
0579,Bouygues Telecom
0581,SFR
0581,Inconnu
0581,Free
0582,Inconnu
0582,Bouygues Telecom
0582,Orange (France Télécom)
0582,SFR
0586,Orange (France Télécom)
0586,Bouygues Telecom
0586,Inconnu
0586,SFR
0587,Bouygues Telecom
0587,Free
0587,SFR
0587,Inconnu
0590,Orange (France Télécom)
0590,SFR
0590,Inconnu
0594,SFR
0594,Orange (France Télécom)
0594,Inconnu
0596,Inconnu
0596,Orange (France Télécom)
0596,SFR
0601,SFR
0601,Inconnu
0601,Bouygues Telecom
0602,SFR
0602,Inconnu
0602,Hub One
0602,Budget Telecom
0602,Bouygues Telecom
0602,Afone
0602,Orange (France Télécom)
0603,SFR
0604,Afone
0604,Inconnu
0604,SFR
0605,Bouygues Telecom
0605,Inconnu
0606,Bouygues Telecom
0606,Inconnu
0606,Afone
0607,Orange (France Télécom)
0608,Orange (France Télécom)
0609,SFR
0610,SFR
0611,SFR
0612,SFR
0613,SFR
0614,SFR
0615,SFR
0616,SFR
0617,SFR
0618,SFR
0619,SFR
0620,SFR
0621,SFR
0622,SFR
0623,SFR
0624,SFR
0625,SFR
0626,SFR
0627,SFR
0628,SFR
0628,Inconnu
0628,Afone
0629,SFR
0629,Inconnu
0630,Orange (France Télécom)
0631,Orange (France Télécom)
0632,Orange (France Télécom)
0633,Orange (France Télécom)
0634,SFR
0634,Afone
0635,SFR
0635,Afone
0636,Bouygues Telecom
0636,Inconnu
0637,Orange (France Télécom)
0638,Inconnu
0638,Orange (France Télécom)
0639,Inconnu
0639,Orange (France Télécom)
0640,Inconnu
0640,Orange (France Télécom)
0641,Inconnu
0641,Bouygues Telecom
0642,Orange (France Télécom)
0643,Orange (France Télécom)
0644,Inconnu
0644,Orange (France Télécom)
0645,Orange (France Télécom)
0646,SFR
0647,Orange (France Télécom)
0648,Orange (France Télécom)
0649,Orange (France Télécom)
0649,Inconnu
0649,SFR
0650,Bouygues Telecom
0651,Free Mobile
0652,Free Mobile
0653,Free Mobile
0653,Bouygues Telecom
0654,Orange (France Télécom)
0655,SFR
0656,Inconnu
0657,Inconnu
0658,Bouygues Telecom
0659,Bouygues Telecom
0660,Bouygues Telecom
0661,Bouygues Telecom
0662,Bouygues Telecom
0663,Bouygues Telecom
0664,Bouygues Telecom
0665,Bouygues Telecom
0666,Bouygues Telecom
0667,Bouygues Telecom
0668,Bouygues Telecom
0669,Bouygues Telecom
0669,SFR
0670,Orange (France Télécom)
0671,Orange (France Télécom)
0672,Orange (France Télécom)
0673,Orange (France Télécom)
0674,Orange (France Télécom)
0675,Orange (France Télécom)
0676,Orange (France Télécom)
0677,Orange (France Télécom)
0678,Orange (France Télécom)
0679,Orange (France Télécom)
0680,Orange (France Télécom)
0681,Orange (France Télécom)
0682,Orange (France Télécom)
0683,Orange (France Télécom)
0684,Orange (France Télécom)
0685,Orange (France Télécom)
0686,Orange (France Télécom)
0687,Orange (France Télécom)
0688,Orange (France Télécom)
0689,Orange (France Télécom)
0690,Inconnu
0690,Orange (France Télécom)
0691,Orange (France Télécom)
0691,Inconnu
0692,Orange (France Télécom)
0692,Inconnu
0693,Orange (France Télécom)
0693,Inconnu
0694,Inconnu
0694,Orange (France Télécom)
0695,Free Mobile
0696,Inconnu
0696,Orange (France Télécom)
0697,Inconnu
0698,Bouygues Telecom
0699,Bouygues Telecom
0700,Inconnu
0700,Afone
0700,Bouygues Telecom
0700,SFR
0700,Orange (France Télécom)
0700,Hub One
0708,Inconnu
0709,Orange (France Télécom)
0709,Inconnu
0743,Inconnu
0743,Free Mobile
0743,Bouygues Telecom
0743,Hub One
0743,Budget Telecom
0744,Inconnu
0744,Free Mobile
0745,Free Mobile
0745,Inconnu
0745,Afone
0746,Inconnu
0746,SFR
0748,Inconnu
0748,Bouygues Telecom
0749,Free Mobile
0750,SFR
0750,Inconnu
0750,Bouygues Telecom
0750,Orange (France Télécom)
0751,SFR
0751,Inconnu
0752,Inconnu
0752,SFR
0753,Inconnu
0754,Inconnu
0754,Bouygues Telecom
0754,SFR
0754,Afone
0755,Bouygues Telecom
0755,Twilio Ireland Limited
0755,Inconnu
0756,Inconnu
0756,Bouygues Telecom
0756,Hub One
0757,Inconnu
0757,Bouygues Telecom
0757,Twilio Ireland Limited
0757,Hub One
0758,Inconnu
0759,Afone
0759,Inconnu
0759,Free Mobile
0760,Bouygues Telecom
0761,Bouygues Telecom
0762,Bouygues Telecom
0763,Bouygues Telecom
0764,Bouygues Telecom
0765,Bouygues Telecom
0766,Free Mobile
0767,Free Mobile
0768,Free Mobile
0769,Free Mobile
0770,Orange (France Télécom)
0770,SFR
0770,Bouygues Telecom
0771,Bouygues Telecom
0771,SFR
0771,Inconnu
0772,Orange (France Télécom)
0772,Inconnu
0773,Inconnu
0774,Inconnu
0775,SFR
0775,Inconnu
0775,Free Mobile
0776,SFR
0777,SFR
0777,Inconnu
0778,SFR
0779,SFR
0780,Inconnu
0780,Afone
0781,Free Mobile
0782,Free Mobile
0783,Free Mobile
0784,Orange (France Télécom)
0784,Inconnu
0784,Bouygues Telecom
0785,Orange (France Télécom)
0786,Orange (France Télécom)
0787,Orange (France Télécom)
0788,Orange (France Télécom)
0789,Orange (France Télécom)
0800,Orange (France Télécom)
0800,SFR
0800,Inconnu
0800,Free
0801,Zoom Voice Communications Inc.
0801,Orange (France Télécom)
0801,Twilio Ireland Limited
0801,SFR
0801,Microsoft Ireland Operations Limited
0801,Inconnu
0801,Bouygues Telecom
0801,Pure IP Limited
0803,Inconnu
0803,Orange (France Télécom)
0805,Orange (France Télécom)
0805,SFR
0805,Inconnu
0805,Afone
0805,Free
0806,Orange (France Télécom)
0806,Inconnu
0806,SFR
0808,Inconnu
0808,SFR
0808,Orange (France Télécom)
0809,Inconnu
0809,SFR
0809,Orange (France Télécom)
0810,Orange (France Télécom)
0811,Free
0811,Afone
0811,Inconnu
0811,SFR
0811,Orange (France Télécom)
0812,Inconnu
0812,SFR
0819,Orange (France Télécom)
0819,Inconnu
0820,Inconnu
0820,Afone
0820,Orange (France Télécom)
0820,SFR
0821,SFR
0821,Inconnu
0821,Orange (France Télécom)
0825,Orange (France Télécom)
0825,SFR
0825,Inconnu
0825,Free
0826,Orange (France Télécom)
0826,Inconnu
0826,SFR
0836,Orange (France Télécom)
0836,Inconnu
0850,Inconnu
0850,SFR
0852,Inconnu
0854,SFR
0855,SFR
0856,Bouygues Telecom
0858,SFR
0860,Orange (France Télécom)
0860,Inconnu
0860,SFR
0868,Inconnu
0868,SFR
0890,Inconnu
0890,SFR
0890,Orange (France Télécom)
0891,Inconnu
0891,Orange (France Télécom)
0891,SFR
0892,Inconnu
0892,SFR
0892,Free
0892,Orange (France Télécom)
0893,Inconnu
0895,SFR
0895,Inconnu
0895,Orange (France Télécom)
0897,SFR
0897,Orange (France Télécom)
0897,Inconnu
0898,Inconnu
0899,Orange (France Télécom)
0899,Inconnu
0899,SFR
0899,Free
0901,Inconnu
0939,Bouygues Telecom
0939,Inconnu
0939,Twilio Ireland Limited
0939,SFR
0946,Inconnu
0947,Inconnu
0947,Orange (France Télécom)
0948,Orange (France Télécom)
0948,Free
0948,Twilio Ireland Limited
0948,Bouygues Telecom
0948,Inconnu
0948,SFR
0950,Free
0951,Free
0952,Free
0953,Free
0954,Free
0955,Free
0956,Free
0957,Free
0958,Free
0959,Free
0960,Orange (France Télécom)
0961,Orange (France Télécom)
0962,Orange (France Télécom)
0963,Orange (France Télécom)
0964,Orange (France Télécom)
0965,Orange (France Télécom)
0966,Orange (France Télécom)
0967,Orange (France Télécom)
0968,Orange (France Télécom)
0969,Orange (France Télécom)
0970,Free
0970,Bouygues Telecom
0970,SFR
0970,Orange (France Télécom)
0970,Hub One
0970,Inconnu
0971,Inconnu
0971,Orange (France Télécom)
0971,SFR
0972,Inconnu
0972,Microsoft Ireland Operations Limited
0972,Free
0972,Orange (France Télécom)
0973,Bouygues Telecom
0973,Inconnu
0973,Free
0974,Inconnu
0974,SFR
0974,Orange (France Télécom)
0974,Twilio Ireland Limited
0975,Inconnu
0975,Orange (France Télécom)
0976,Orange (France Télécom)
0976,Inconnu
0977,Inconnu
0977,SFR
0977,Orange (France Télécom)
0978,Orange (France Télécom)
0978,Inconnu
0978,Free
0978,Microsoft Ireland Operations Limited
0978,Twilio Ireland Limited
0978,SFR
0979,SFR
0979,Inconnu
0979,Orange (France Télécom)
0980,Inconnu
0980,Bouygues Telecom
0980,Free
0981,Bouygues Telecom
0982,Bouygues Telecom
0982,Inconnu
0982,RingCentral France
0983,Inconnu
0983,Bouygues Telecom
0984,Inconnu
0984,Bouygues Telecom
0984,Free
0985,Free
0985,Inconnu
0986,Bouygues Telecom
0986,Inconnu
0987,Bouygues Telecom
0987,Inconnu
0988,Inconnu
0988,SFR
0988,Bouygues Telecom
0989,Free
01001,SFR
01007,Inconnu
01010,Orange (France Télécom)
01011,Free Mobile
01012,Free Mobile
01013,Orange (France Télécom)
01014,Orange (France Télécom)
01015,Orange (France Télécom)
01016,Orange (France Télécom)
01017,Orange (France Télécom)
01018,Orange (France Télécom)
01020,Inconnu
01022,Bouygues Telecom
01023,SFR
01024,SFR
01025,SFR
01026,SFR
01030,SFR
01033,Free
01034,Bouygues Telecom
01043,Inconnu
01044,Free
01055,Inconnu
01057,Inconnu
01061,Bouygues Telecom
01064,Bouygues Telecom
01067,Bouygues Telecom
01068,Bouygues Telecom
01090,SFR
01097,Inconnu
01099,SFR
01160,SFR
01161,Orange (France Télécom)
01180,Inconnu
01182,Inconnu
01183,Inconnu
01184,Inconnu
01185,Inconnu
01187,Orange (France Télécom)
03000,Orange (France Télécom)
03001,SFR
03002,Inconnu
03003,Orange (France Télécom)
03004,Orange (France Télécom)
03005,Orange (France Télécom)
03006,Inconnu
03007,Orange (France Télécom)
03010,Orange (France Télécom)
03011,Orange (France Télécom)
03012,SFR
03013,Inconnu
03015,Orange (France Télécom)
03017,Orange (France Télécom)
03018,Orange (France Télécom)
03020,SFR
03022,Orange (France Télécom)
03024,Orange (France Télécom)
03025,Orange (France Télécom)
03030,SFR
03031,Orange (France Télécom)
03033,SFR
03034,SFR
03035,Orange (France Télécom)
03036,Orange (France Télécom)
03039,SFR
03044,Inconnu
03050,Orange (France Télécom)
03052,Inconnu
03055,SFR
03060,SFR
03070,Inconnu
03083,Orange (France Télécom)
03099,Inconnu
03100,Bouygues Telecom
03101,Orange (France Télécom)
03102,Inconnu
03103,Orange (France Télécom)
03106,Bouygues Telecom
03110,SFR
03111,Inconnu
03113,Orange (France Télécom)
03114,Orange (France Télécom)
03115,Inconnu
03116,Inconnu
03117,SFR
03121,Orange (France Télécom)
03123,SFR
03130,Bouygues Telecom
03131,Orange (France Télécom)
03132,Orange (France Télécom)
03133,SFR
03141,SFR
03150,Orange (France Télécom)
03155,Orange (France Télécom)
03200,Inconnu
03201,Inconnu
03203,Orange (France Télécom)
03204,SFR
03209,SFR
03210,Inconnu
03211,Inconnu
03212,Inconnu
03213,Orange (France Télécom)
03214,Inconnu
03215,Inconnu
03216,Inconnu
03218,SFR
03220,Inconnu
03222,SFR
03223,Orange (France Télécom)
03224,SFR
03225,Orange (France Télécom)
03227,Inconnu
03228,Inconnu
03230,Inconnu
03231,SFR
03232,Inconnu
03233,SFR
03234,Inconnu
03236,Inconnu
03237,Orange (France Télécom)
03238,Inconnu
03240,Inconnu
03241,Orange (France Télécom)
03242,Inconnu
03243,Orange (France Télécom)
03244,Free
03245,Orange (France Télécom)
03246,SFR
03250,Inconnu
03251,SFR
03255,Inconnu
03256,SFR
03260,SFR
03266,Orange (France Télécom)
03270,Inconnu
03271,Orange (France Télécom)
03273,Orange (France Télécom)
03274,Orange (France Télécom)
03277,Inconnu
03280,Orange (France Télécom)
03287,SFR
03293,Orange (France Télécom)
03294,Inconnu
03400,Inconnu
03401,Orange (France Télécom)
03404,Orange (France Télécom)
03414,Inconnu
03420,Orange (France Télécom)
03422,Inconnu
03424,SFR
03430,Inconnu
03433,SFR
03434,Inconnu
03435,Orange (France Télécom)
03444,Inconnu
03446,SFR
03454,Inconnu
03456,Orange (France Télécom)
03460,Orange (France Télécom)
03473,Orange (France Télécom)
03474,Orange (France Télécom)
03477,Orange (France Télécom)
03478,Orange (France Télécom)
03480,Orange (France Télécom)
03493,Inconnu
03497,Inconnu
03499,Orange (France Télécom)
03600,Inconnu
03601,Inconnu
03605,Inconnu
03606,SFR
03607,Orange (France Télécom)
03608,Inconnu
03609,SFR
03610,SFR
03614,Orange (France Télécom)
03615,Orange (France Télécom)
03620,Inconnu
03621,Inconnu
03624,Inconnu
03626,Inconnu
03630,Inconnu
03631,SFR
03632,Orange (France Télécom)
03633,Orange (France Télécom)
03634,SFR
03635,Inconnu
03636,Inconnu
03637,Orange (France Télécom)
03639,Orange (France Télécom)
03640,Inconnu
03641,Orange (France Télécom)
03642,Inconnu
03643,SFR
03644,Inconnu
03646,Inconnu
03648,Inconnu
03649,Inconnu
03651,Orange (France Télécom)
03657,SFR
03658,Inconnu
03660,Inconnu
03662,Inconnu
03663,SFR
03665,Inconnu
03669,Inconnu
03670,Orange (France Télécom)
03676,Inconnu
03677,Orange (France Télécom)
03679,Inconnu
03680,Orange (France Télécom)
03682,Inconnu
03690,Inconnu
03691,SFR
03695,SFR
03698,Orange (France Télécom)
03900,Orange (France Télécom)
03901,Orange (France Télécom)
03903,SFR
03906,SFR
03907,Orange (France Télécom)
03909,Orange (France Télécom)
03910,Orange (France Télécom)
03911,Inconnu
03917,Inconnu
03919,Orange (France Télécom)
03922,Orange (France Télécom)
03924,Inconnu
03928,SFR
03930,Inconnu
03932,Inconnu
03933,Orange (France Télécom)
03936,Inconnu
03937,Inconnu
03938,Orange (France Télécom)
03939,SFR
03944,Orange (France Télécom)
03945,Orange (France Télécom)
03946,Inconnu
03949,Inconnu
03950,Inconnu
03955,Orange (France Télécom)
03957,Orange (France Télécom)
03960,Inconnu
03970,Orange (France Télécom)
03972,Orange (France Télécom)
03975,Orange (France Télécom)
03976,Orange (France Télécom)
03977,Orange (France Télécom)
03979,Inconnu
03980,Orange (France Télécom)
03988,Orange (France Télécom)
03989,Orange (France Télécom)
03990,Inconnu
03993,Orange (France Télécom)
03994,Orange (France Télécom)
03995,Inconnu
03996,Inconnu
03997,Inconnu
03999,Inconnu
